{
  "model_type": "CNN",
  "total_parameters": 2618563,
  "trainable_parameters": 2618563,
  "best_val_accuracy": 93.5374149659864,
  "total_training_time": 370.06392192840576,
  "num_classes": 3,
  "classes": [
    "Create_new_Word_Document",
    "Open_Gmail_on_Brave",
    "Open_Youtube_on_Brave"
  ],
  "final_train_acc": 93.05555555555556,
  "final_val_acc": 93.5374149659864,
  "final_train_loss": 0.1757658771597422,
  "final_val_loss": 0.19378877934068442
}